{
	"gallery":[
		{
			"title":"title 1",
			"type":"stock ",
			"creator": {
				"name":"paul",
				"url":"www.url1.com"
			},
			"mimetype":"text/html",
			"location":"www.location1.com",
			"keywords": [
				"apple", "banana"
			]
		},
		{
			"title":"title 2",
			"type":"stock ",
			"creator": {
				"name":"mark",
				"url":"www.url2.com"
			},
			"mimetype":"text/html",
			"location":"www.location2.com",
			"keywords": [
				"cat", "dog"
			]
		},
		{
			"title":"title 3",
			"type":"stock ",
			"creator": {
				"name":"david",
				"url":"www.url1.com"
			},
			"mimetype":"text/html",
			"location":"www.location3.com",
			"keywords": [
				"elephant", "frog"
			]
		}
	]
}