[
		{
			"title":"title 1",
			"type":"stock ",
			"creator":"paul",
			"mimetype":"text/html",
			"location":"www.location1.com",
			"keywords": [
				"apple", "banana"
			]
		},
		{
			"title":"title 2",
			"type":"stock ",
			"creator":"mark",
			"mimetype":"text/html",
			"location":"www.location2.com",
			"keywords": [
				"cat", "dog"
			]
		},
		{
			"title":"title 3",
			"type":"stock ",
			"creator":"david",
			"mimetype":"text/html",
			"location":"www.location3.com",
			"keywords": [
				"elephant", "frog"
			]
		}
]